[
  {
    "name": "Joja Fresh Water",
    "value": 8
  },
  {
    "name": "Joja Sport Drink",
    "value": 18
  },
  {
    "name": "Full Canteen",
    "value": 20
  },
  {
    "name": "Dirty Canteen",
    "value": 15
  },
  {
    "name": "Ice Water Canteen",
    "value": 22,
    "coolingModifier": 5
  },
  {
    "name": "Ionized Full Canteen",
    "value": 30
  },
  {
    "name": "Ice Ionized Water Canteen",
    "value": 35,
    "coolingModifier": 5
  },
  {
    "name": "Ginger Ale",
    "value": 12,
    "coolingModifier": -2
  },
  {
    "name": "Fish Stew",
    "value": 8
  },
  {
    "name": "Artichoke Dip",
    "value": 6
  },
  {
    "name": "Chowder",
    "value": 8
  },
  {
    "name": "Lobster Bisque",
    "value": 8
  },
  {
    "name": "Rice Pudding",
    "value": 8
  },
  {
    "name": "Banana Pudding",
    "value": 8
  },
  {
    "name": "Pale Broth",
    "value": 8
  },
  {
    "name": "Parsnip Soup",
    "value": 8
  },
  {
    "name": "Pumpkin Soup",
    "value": 8
  },
  {
    "name": "Poi",
    "value": 8
  },
  {
    "name": "Trout Soup",
    "value": 8
  },
  {
    "name": "Large Milk",
    "value": 12
  },
  {
    "name": "Milk",
    "value": 6
  },
  {
    "name": "Large Goat Milk",
    "value": 12
  },
  {
    "name": "Goat Milk",
    "value": 6
  },
  {
    "name": "Triple Shot Espresso",
    "value": 5
  },
  {
    "name": "Coffee",
    "value": 5
  },
  {
    "name": "Joja Cola",
    "value": 5
  },
  //PPJA Items
  {
    "name": "*Soda",
    "value": 8
  },
  {
    "name": "*Cocktail",
    "value": 5
  },
  {
    "name": "*Tea",
    "value": 5
  },
  {
    "name": "*Hot Cocoa",
    "value": 5,
    "coolingModifier": -2
  },
  {
    "name": "Algae Soup",
    "value": 3,
    "coolingModifier": 2
  },
  {
    "name": "Basil Tomato Soup",
    "value": 5
  },
  {
    "name": "Bean Hotpot",
    "value": 4,
    "coolingModifier": -2
  },
  {
    "name": "Beef Stock",
    "value": 8
  },
  {
    "name": "Broth",
    "value": 3
  },
  {
    "name": "Chicken Stock",
    "value": 8
  },
  {
    "name": "Cream of Chestnut Soup",
    "value": 3
  },
  {
    "name": "Dashi Stock",
    "value": 5
  },
  {
    "name":"Fish Stew",
    "value": 5
  },
  {
    "name": "Fruit Soup",
    "value": 5
  },
  {
    "name": "Hot Cocoa",
    "value": 3,
    "coolingModifier": -2
  },
  {
    "name": "Lobster Bisque",
    "value": 5
  },
  {
    "name": "Lobster Stock",
    "value": 3
  },
  {
    "name": "Miso Soup",
    "value": 5
  },
  {
    "name": "Moonshine Cherries",
    "value": 2
  },
  {
    "name": "Mushroom Soup",
    "value": 5
  },
  {
    "name": "Noodle Soup",
    "value": 4
  },
  {
    "name": "Onion Pumpkin Soup",
    "value": 4
  },
  {
    "name": "Pawpaw Milkshake",
    "value": 6
  },
  {
    "name": "Peppermint Hot Chocolate",
    "value": 3,
    "coolingModifier": -2
  },
  {
    "name": "Ramen",
    "value": 5
  },
  {
    "name": "Shrimp Stock",
    "value": 5
  },
  {
    "name": "Sorrel Soup",
    "value": 5
  },
  {
    "name": "Southern Sweet Tea",
    "value": 5,
    "coolingModifier": -2
  },
  {
    "name": "Spoopy Soup",
    "value": 3
  },
  {
    "name": "Strawberry Ice Cream Soda",
    "value": 8
  }
  //{
  //  "name": "Alexander Cocktail",
  //  "value": 5
  //},
  //{
  //  "name": "Americano",
  //  "value": 5
  //}
]
