[
  {
    "name": "Beach",
    "tempModifierMultiplicative": 0.75,
    "tempModifierTimeDependentScale": 2.0
  },
  {
    "name": "Mountain",
    "tempModifierAdditive": -4.0,
    "tempModifierTimeDependentScale": 2.0
  },
  {
    "name": "Desert",
    "tempModifierFixedValue": 37,
    "tempModifierTimeDependentScale": 6.5
  },
  {
    "name": "Backwoods",
    "tempModifierMultiplicative": 0.85
  },
  {
    "name": "Summit",
    "tempModifierFixedValue": 25,
    "tempModifierTimeDependentScale": 2
  },
  {
    "name": "BathHouse_Pool",
    "tempModifierFixedValue": 30,
    "tempModifierTimeDependentScale": 1,
    "tempModifierFluctuationScale": 0.2
  },
  {
    "name": "Greenhouse",
    "tempModifierFixedValue": 25,
    "tempModifierTimeDependentScale": 1,
    "tempModifierFluctuationScale": 0.2
  },
  {
    "name": "SkullCave",
    "tempModifierFixedValue": 26
  },
  {
    "name": "Submarine",
    "tempModifierFixedValue": 8,
    "tempModifierTimeDependentScale": 1,
    "tempModifierFluctuationScale": 0.2
  },
  {
    "name": "IslandSouth",
    "tempModifierFixedValue": 28,
    "tempModifierTimeDependentScale": 2.5
  },
  {
    "name": "IslandSouthEast",
    "tempModifierFixedValue": 28,
    "tempModifierTimeDependentScale": 3
  },
  {
    "name": "IslandEast",
    "tempModifierFixedValue": 25,
    "tempModifierTimeDependentScale": 2
  },
  {
    "name": "IslandNorth",
    "tempModifierFixedValue": 29,
    "tempModifierTimeDependentScale": 3
  },
  {
    "name": "IslandWest",
    "tempModifierFixedValue": 28,
    "tempModifierTimeDependentScale": 3
  },
  {
    "name": "IslandFieldOffice",
    "tempModifierFixedValue": 28,
    "tempModifierTimeDependentScale": 3
  },
  {
    "name": "IslandFarmHouse",
    "tempModifierFixedValue": 28,
    "tempModifierTimeDependentScale": 3
  },
  {
    "name": "CaptainRoom",
    "tempModifierFixedValue": 28,
    "tempModifierTimeDependentScale": 3
  },
  {
    "name": "IslandShrine",
    "tempModifierFixedValue": 28,
    "tempModifierTimeDependentScale": 3
  },
  {
    "name": "IslandHut",
    "tempModifierFixedValue": 28,
    "tempModifierTimeDependentScale": 3
  },
  {
    "name": "IslandFarmCave",
    "tempModifierFixedValue": 25,
    "tempModifierTimeDependentScale": 2
  },
  {
    "name": "IslandSouthEastCave",
    "tempModifierFixedValue": 25,
    "tempModifierTimeDependentScale": 2
  },
  {
    "name": "IslandWestCave1",
    "tempModifierFixedValue": 25,
    "tempModifierTimeDependentScale": 2
  },
  {
    "name": "IslandNorthCave1",
    "tempModifierFixedValue": 35,
    "tempModifierTimeDependentScale": 1,
    "tempModifierFluctuationScale": 4
  },
  {
    "name": "Caldera",
    "tempModifierFixedValue": 45,
    "tempModifierTimeDependentScale": 1,
    "tempModifierFluctuationScale": 16
  },
  {
    "name": "LeoTreeHouse",
    "tempModifierFixedValue": 28,
    "tempModifierTimeDependentScale": 3
  },
  {
    "name": "QiNutRoom",
    "tempModifierFixedValue": 28,
    "tempModifierTimeDependentScale": 3
  }
]