[
  {
    "name": "Torch",
    "deviceType": "heating",
    "coreTemp": 35.0,
    "effectiveRange": 1
  },
  {
    "name": "Brick Fireplace",
    "deviceType": "heating",
    "coreTemp": 60.0,
    "effectiveRange": 4,
    "needActive": true
  },
  {
    "name": "Elegant Fireplace",
    "deviceType": "heating",
    "coreTemp": 60.0,
    "effectiveRange": 4,
    "needActive": true
  },
  {
    "name": "Iridium Fireplace",
    "deviceType": "heating",
    "coreTemp": 60.0,
    "effectiveRange": 4,
    "needActive": true
  },
  {
    "name": "Stone Fireplace",
    "deviceType": "heating",
    "coreTemp": 60.0,
    "effectiveRange": 4,
    "needActive": true
  },
  {
    "name": "Monster Fireplace",
    "deviceType": "heating",
    "coreTemp": 60.0,
    "effectiveRange": 4,
    "needActive": true
  },
  {
    "name": "Stove Fireplace",
    "deviceType": "heating",
    "coreTemp": 60.0,
    "effectiveRange": 4,
    "needActive": true
  },
  {
    "name": "Fan",
    "deviceType": "cooling",
    "coreTemp": 25.0,
    "effectiveRange": 3,
    "needActive": true,
    "activeType": 1
  },
  {
    "name": "Furnace",
    "deviceType": "heating",
    "coreTemp": 60.0,
    "effectiveRange": 4,
    "needActive": true,
    "activeType": 1
  },
  {
    "name": "Passive Cooler",
    "deviceType": "cooling",
    "coreTemp": 20.0,
    "effectiveRange": 3,
    "needActive": true,
    "activeType": 1,
    "ambientCoefficient": 0.75
  },
  {
    "name": "Air Cooler",
    "deviceType": "cooling",
    "coreTemp": 18.0,
    "effectiveRange": 4,
    "needActive": true,
    "activeType": 1,
    "ambientCoefficient": 1.25
  },
  {
    "name": "Charcoal Kiln",
    "deviceType": "heating",
    "coreTemp": 60.0,
    "effectiveRange": 3,
    "needActive": true,
    "activeType": 1
  },
  {
    "name": "Campfire",
    "deviceType": "heating",
    "coreTemp": 50.0,
    "effectiveRange": 2,
    "needActive": true
  },
  {
    "name": "Wooden Brazier",
    "deviceType": "heating",
    "coreTemp": 50.0,
    "effectiveRange": 2,
    "needActive": true
  },
  {
    "name": "Stone Brazier",
    "deviceType": "heating",
    "coreTemp": 50.0,
    "effectiveRange": 2,
    "needActive": true
  },
  {
    "name": "Gold Brazier",
    "deviceType": "heating",
    "coreTemp": 50.0,
    "effectiveRange": 2,
    "needActive": true
  },
  {
    "name": "Stump Brazier",
    "deviceType": "heating",
    "coreTemp": 50.0,
    "effectiveRange": 2,
    "needActive": true
  },
  {
    "name": "Barrel Brazier",
    "deviceType": "heating",
    "coreTemp": 50.0,
    "effectiveRange": 2,
    "needActive": true
  },
  {
    "name": "Skull Brazier",
    "deviceType": "heating",
    "coreTemp": 50.0,
    "effectiveRange": 2,
    "needActive": true
  },
  {
    "name": "Marble Brazier",
    "deviceType": "heating",
    "coreTemp": 50.0,
    "effectiveRange": 2,
    "needActive": true
  },
  {
    "name": "Carved Brazier",
    "deviceType": "heating",
    "coreTemp": 50.0,
    "effectiveRange": 2,
    "needActive": true
  },
  {
    "name": "Portable Heater",
    "deviceType": "heating",
    "coreTemp": 60.0,
    "effectiveRange": 6,
    "needActive": true,
    "activeType": 1,
    "ambientCoefficient": 1.25
  },
  {
    "name": "Air Conditioner",
    "deviceType": "general",
    "coreTemp": 25.0,
    "effectiveRange": 4,
    "needActive": true,
    "activeType": 1,
    "operationalRange": 15,
    "ambientCoefficient": 2
  },
  {
    "name": "Tall Air Conditioner",
    "deviceType": "general",
    "coreTemp": 25.0,
    "effectiveRange": 7,
    "needActive": true,
    "activeType": 1,
    "operationalRange": 20,
    "ambientCoefficient": 4
  }
]
