{
    "Changes": [
        {
            "Action": "Load",
            "Target": "Mods/neroyuki.rlvalleycpitems/Canteen",
            "FromFile": "assets/{{Spriteset}}/{{TargetWithoutPath}}.png"
        },
        {
            "Action": "Load",
            "Target": "Mods/neroyuki.rlvalleycpitems/Advanced_Medkit",
            "FromFile": "assets/{{Spriteset}}/{{TargetWithoutPath}}.png"
        },
        {
            "Action": "Load",
            "Target": "Mods/neroyuki.rlvalleycpitems/Bandage",
            "FromFile": "assets/{{Spriteset}}/{{TargetWithoutPath}}.png"
        },
        {
            "Action": "Load",
            "Target": "Mods/neroyuki.rlvalleycpitems/Dirty_Canteen",
            "FromFile": "assets/{{Spriteset}}/{{TargetWithoutPath}}.png"
        },
        {
            "Action": "Load",
            "Target": "Mods/neroyuki.rlvalleycpitems/Joja_Fresh_Water",
            "FromFile": "assets/{{Spriteset}}/{{TargetWithoutPath}}.png"
        },
        {
            "Action": "Load",
            "Target": "Mods/neroyuki.rlvalleycpitems/Full_Canteen",
            "FromFile": "assets/{{Spriteset}}/{{TargetWithoutPath}}.png"
        },
        {
            "Action": "Load",
            "Target": "Mods/neroyuki.rlvalleycpitems/Herbal_Medicine",
            "FromFile": "assets/{{Spriteset}}/{{TargetWithoutPath}}.png"
        },
        {
            "Action": "Load",
            "Target": "Mods/neroyuki.rlvalleycpitems/Ice_Cube",
            "FromFile": "assets/{{Spriteset}}/{{TargetWithoutPath}}.png"
        },
        {
            "Action": "Load",
            "Target": "Mods/neroyuki.rlvalleycpitems/Ice_Water_Canteen",
            "FromFile": "assets/{{Spriteset}}/{{TargetWithoutPath}}.png"
        },
        {
            "Action": "Load",
            "Target": "Mods/neroyuki.rlvalleycpitems/Magic_Herbal_Medicine",
            "FromFile": "assets/{{Spriteset}}/{{TargetWithoutPath}}.png"
        },
        {
            "Action": "Load",
            "Target": "Mods/neroyuki.rlvalleycpitems/Painkiller",
            "FromFile": "assets/{{Spriteset}}/{{TargetWithoutPath}}.png"
        },
        {
            "Action": "Load",
            "Target": "Mods/neroyuki.rlvalleycpitems/Regular_Medkit",
            "FromFile": "assets/{{Spriteset}}/{{TargetWithoutPath}}.png"
        },
        {
            "Action": "Load",
            "Target": "Mods/neroyuki.rlvalleycpitems/Tubular_Bandage",
            "FromFile": "assets/{{Spriteset}}/{{TargetWithoutPath}}.png"
        },
        {
            "Action": "Load",
            "Target": "Mods/neroyuki.rlvalleycpitems/Air_Conditioner",
            "FromFile": "assets/{{Spriteset}}/{{TargetWithoutPath}}.png"
        },
        {
            "Action": "Load",
            "Target": "Mods/neroyuki.rlvalleycpitems/Air_Cooler",
            "FromFile": "assets/{{Spriteset}}/{{TargetWithoutPath}}.png"
        },
        {
            "Action": "Load",
            "Target": "Mods/neroyuki.rlvalleycpitems/Fan",
            "FromFile": "assets/{{Spriteset}}/{{TargetWithoutPath}}.png"
        },
        {
            "Action": "Load",
            "Target": "Mods/neroyuki.rlvalleycpitems/Groundwater_Collector",
            "FromFile": "assets/{{Spriteset}}/{{TargetWithoutPath}}.png"
        },
        {
            "Action": "Load",
            "Target": "Mods/neroyuki.rlvalleycpitems/Ice_Machine",
            "FromFile": "assets/{{Spriteset}}/{{TargetWithoutPath}}.png"
        },
        {
            "Action": "Load",
            "Target": "Mods/neroyuki.rlvalleycpitems/Magical_Medicine_Stove",
            "FromFile": "assets/{{Spriteset}}/{{TargetWithoutPath}}.png"
        },
        {
            "Action": "Load",
            "Target": "Mods/neroyuki.rlvalleycpitems/Medicine_Worktable",
            "FromFile": "assets/{{Spriteset}}/{{TargetWithoutPath}}.png"
        },
        {
            "Action": "Load",
            "Target": "Mods/neroyuki.rlvalleycpitems/Passive_Cooler",
            "FromFile": "assets/{{Spriteset}}/{{TargetWithoutPath}}.png"
        },
        {
            "Action": "Load",
            "Target": "Mods/neroyuki.rlvalleycpitems/Portable_Heater",
            "FromFile": "assets/{{Spriteset}}/{{TargetWithoutPath}}.png"
        },
        {
            "Action": "Load",
            "Target": "Mods/neroyuki.rlvalleycpitems/Primitive_Water_Filter",
            "FromFile": "assets/{{Spriteset}}/{{TargetWithoutPath}}.png"
        },
        {
            "Action": "Load",
            "Target": "Mods/neroyuki.rlvalleycpitems/Rain_Collector",
            "FromFile": "assets/{{Spriteset}}/{{TargetWithoutPath}}.png"
        },
        {
            "Action": "Load",
            "Target": "Mods/neroyuki.rlvalleycpitems/Tall_Air_Conditioner",
            "FromFile": "assets/{{Spriteset}}/{{TargetWithoutPath}}.png"
        },
        {
            "Action": "Load",
            "Target": "Mods/neroyuki.rlvalleycpitems/Ionized_Full_Canteen",
            "FromFile": "assets/{{Spriteset}}/{{TargetWithoutPath}}.png"
        },
        {
            "Action": "Load",
            "Target": "Mods/neroyuki.rlvalleycpitems/Ice_Ionized_Water_Canteen",
            "FromFile": "assets/{{Spriteset}}/{{TargetWithoutPath}}.png"
        },
        {
            "Action": "Load",
            "Target": "Mods/neroyuki.rlvalleycpitems/Ionizing_Machine",
            "FromFile": "assets/{{Spriteset}}/{{TargetWithoutPath}}.png"
        },
        {
            "Action": "Load",
            "Target": "Mods/neroyuki.rlvalleycpitems/Joja_Sport_Drink",
            "FromFile": "assets/{{Spriteset}}/{{TargetWithoutPath}}.png"
        }
    ]
}