{
    "Format": "1.30.0",
	"ConfigSchema": {
      "Spriteset": {
         "AllowValues": "Default, Legacy",
         "Default": "Default"
      }
   },
    "Changes": [
		{
			"Action": "Include",
			"FromFile": "items.json"
		},
		{
			"Action": "Include",
			"FromFile": "crafting.json"
		},
		{
			"Action": "Include",
			"FromFile": "asset.json"
		},
		{
			"Action": "Include",
			"FromFile": "shops.json"
		},
		{
			"Action": "Include",
			"FromFile": "machines.json"
		}
    ]
}