{
    "Changes": [
		{
            "Action": "EditData",
            "Target": "Data/CraftingRecipes",
            "Entries": {
                "neroyuki.rlvalleycpitems_Canteen": "(O)334 3/Field/neroyuki.rlvalleycpitems_Canteen/false/default/",
                "neroyuki.rlvalleycpitems_Bandage": "(O)766 2 (O)92 1 (O)711 1/Field/neroyuki.rlvalleycpitems_Bandage/false/none/",
                "neroyuki.rlvalleycpitems_Ice_Water_Canteen": "neroyuki.rlvalleycpitems_Full_Canteen 1 neroyuki.rlvalleycpitems_Ice_Cube 1/Field/neroyuki.rlvalleycpitems_Ice_Water_Canteen/false/default/",
                "neroyuki.rlvalleycpitems_Tubular_Bandage": "(O)428 1 (O)766 2/Field/neroyuki.rlvalleycpitems_Tubular_Bandage/false/none/",

                "neroyuki.rlvalleycpitems_Air_Conditioner": "(O)335 20 (O)336 8 (O)428 10 (O)338 10/Field/neroyuki.rlvalleycpitems_Air_Conditioner/true/none/",
                "neroyuki.rlvalleycpitems_Air_Cooler": "(O)335 20 (O)336 10 (O)338 30/Field/neroyuki.rlvalleycpitems_Air_Cooler/true/none/",
                "neroyuki.rlvalleycpitems_Fan": "(O)335 5 (O)334 10 (O)338 10/Field/neroyuki.rlvalleycpitems_Fan/true/none/",
                "neroyuki.rlvalleycpitems_Groundwater_Collector": "(O)335 10 (O)72 1 (O)787 2/Field/neroyuki.rlvalleycpitems_Groundwater_Collector/true/none/",
                "neroyuki.rlvalleycpitems_Ice_Machine": "(O)335 10 (O)334 10 (O)787 2/Field/neroyuki.rlvalleycpitems_Ice_Machine/true/none/",
                "neroyuki.rlvalleycpitems_Magical_Medicine_Stove": "(O)872 2 (O)330 50 (O)74 1 (O)114 2/Field/neroyuki.rlvalleycpitems_Magical_Medicine_Stove/true/Foraging 8/",
                "neroyuki.rlvalleycpitems_Medicine_Worktable": "(O)771 50 (O)388 50 (O)382 5/Field/neroyuki.rlvalleycpitems_Medicine_Worktable/true/Foraging 2/",
                "neroyuki.rlvalleycpitems_Passive_Cooler": "(O)771 20 (O)388 50/Field/neroyuki.rlvalleycpitems_Passive_Cooler/true/default/",
                "neroyuki.rlvalleycpitems_Portable_Heater": "(O)335 15 (O)336 5 (O)82 20/Field/neroyuki.rlvalleycpitems_Portable_Heater/true/none/",
                "neroyuki.rlvalleycpitems_Primitive_Water_Filter": "(O)388 50 (O)169 2 (O)771 5 (O)382 5/Field/neroyuki.rlvalleycpitems_Primitive_Water_Filter/true/default/",
                "neroyuki.rlvalleycpitems_Rain_Collector": "(O)771 20 (O)388 30 (O)169 2/Field/neroyuki.rlvalleycpitems_Rain_Collector/true/default/",
                "neroyuki.rlvalleycpitems_Rain_Collector_2": "(O)771 20 (O)388 30 (O)709 1/Field/neroyuki.rlvalleycpitems_Rain_Collector/true/default/",
                "neroyuki.rlvalleycpitems_Tall_Air_Conditioner": "(O)336 15 (O)337 5 (O)338 30/Field/neroyuki.rlvalleycpitems_Tall_Air_Conditioner/true/none/",
                "neroyuki.rlvalleycpitems_Ionizing_Machine": "((O)335 10 (O)334 10 (O)787 2/Field/neroyuki.rlvalleycpitems_Ionizing_Machine/true/none/"
            }
        }
	]
}