{
    "Changes": [
        {
            "Action": "EditData",
            "Target": "Data/Shops",
            "TargetField": [ "SeedShop", "Items" ],
            "Entries": {
                "neroyuki.rlvalleycpitems_Joja_Fresh_Water": {
                    "Id": "neroyuki.rlvalleycpitems_Joja_Fresh_Water",
                    "ItemId": "neroyuki.rlvalleycpitems_Joja_Fresh_Water",
                    "Price": 50
                },
                "neroyuki.rlvalleycpitems_Ice_Machine_Recipe": {
                    "Id": "neroyuki.rlvalleycpitems_Ice_Machine_Recipe",
                    "ItemId": "neroyuki.rlvalleycpitems_Ice_Machine",
                    "Price": 15000,
                    "IsRecipe": true
                },
                "neroyuki.rlvalleycpitems_Ionizing_Machine_Recipe": {
                    "Id": "neroyuki.rlvalleycpitems_Ionizing_Machine_Recipe",
                    "ItemId": "neroyuki.rlvalleycpitems_Ionizing_Machine",
                    "Price": 15000,
                    "IsRecipe": true
                }
            }
        },
        {
            "Action": "EditData",
            "Target": "Data/Shops",
            "TargetField": [ "Carpenter", "Items"  ],
            "Entries": {
                "neroyuki.rlvalleycpitems_Air_Conditioner": {
                    "Id": "neroyuki.rlvalleycpitems_Air_Conditioner",
                    "ItemId": "neroyuki.rlvalleycpitems_Air_Conditioner",
                    "Price": 12000
                },
                "neroyuki.rlvalleycpitems_Air_Conditioner_Recipe": {
                    "Id": "neroyuki.rlvalleycpitems_Air_Conditioner_Recipe",
                    "ItemId": "neroyuki.rlvalleycpitems_Air_Conditioner",
                    "Price": 25000,
                    "IsRecipe": true
                },
                "neroyuki.rlvalleycpitems_Air_Cooler": {
                    "Id": "neroyuki.rlvalleycpitems_Air_Cooler",
                    "ItemId": "neroyuki.rlvalleycpitems_Air_Cooler",
                    "Price": 8000
                },
                "neroyuki.rlvalleycpitems_Air_Cooler_Recipe": {
                    "Id": "neroyuki.rlvalleycpitems_Air_Cooler_Recipe",
                    "ItemId": "neroyuki.rlvalleycpitems_Air_Cooler",
                    "Price": 20000,
                    "IsRecipe": true
                },
                "neroyuki.rlvalleycpitems_Fan": {
                    "Id": "neroyuki.rlvalleycpitems_Fan",
                    "ItemId": "neroyuki.rlvalleycpitems_Fan",
                    "Price": 4000
                },
                "neroyuki.rlvalleycpitems_Fan_Recipe": {
                    "Id": "neroyuki.rlvalleycpitems_Fan_Recipe",
                    "ItemId": "neroyuki.rlvalleycpitems_Fan",
                    "Price": 10000,
                    "IsRecipe": true
                },
                "neroyuki.rlvalleycpitems_Groundwater_Collector_Recipe": {
                    "Id": "neroyuki.rlvalleycpitems_Groundwater_Collector_Recipe",
                    "ItemId": "neroyuki.rlvalleycpitems_Groundwater_Collector",
                    "Price": 10000,
                    "IsRecipe": true
                },
                "neroyuki.rlvalleycpitems_Portable_Heater": {
                    "Id": "neroyuki.rlvalleycpitems_Portable_Heater",
                    "ItemId": "neroyuki.rlvalleycpitems_Portable_Heater",
                    "Price": 5000
                },
                "neroyuki.rlvalleycpitems_Portable_Heater_Recipe": {
                    "Id": "neroyuki.rlvalleycpitems_Portable_Heater_Recipe",
                    "ItemId": "neroyuki.rlvalleycpitems_Portable_Heater",
                    "Price": 8000,
                    "IsRecipe": true
                },
                "neroyuki.rlvalleycpitems_Tall_Air_Conditioner_Recipe": {
                    "Id": "neroyuki.rlvalleycpitems_Tall_Air_Conditioner_Recipe",
                    "ItemId": "neroyuki.rlvalleycpitems_Tall_Air_Conditioner",
                    "Price": 40000,
                    "IsRecipe": true
                }
            }
        },
        {
            "Action": "EditData",
            "Target": "Data/Shops",
            "TargetField": [ "Hospital", "Items"  ],
            "Entries": {
                "neroyuki.rlvalleycpitems_Advanced_Medkit": {
                    "Id": "neroyuki.rlvalleycpitems_Advanced_Medkit",
                    "ItemId": "neroyuki.rlvalleycpitems_Advanced_Medkit",
                    "Price": 1000
                },
                "neroyuki.rlvalleycpitems_Bandage": {
                    "Id": "neroyuki.rlvalleycpitems_Bandage",
                    "ItemId": "neroyuki.rlvalleycpitems_Bandage",
                    "Price": 100
                },
                "neroyuki.rlvalleycpitems_Bandage_Recipe": {
                    "Id": "neroyuki.rlvalleycpitems_Bandage_Recipe",
                    "ItemId": "neroyuki.rlvalleycpitems_Bandage",
                    "Price": 3000,
                    "IsRecipe": true
                },
                "neroyuki.rlvalleycpitems_Painkiller": {
                    "Id": "neroyuki.rlvalleycpitems_Painkiller",
                    "ItemId": "neroyuki.rlvalleycpitems_Painkiller",
                    "Price": 400
                },
                "neroyuki.rlvalleycpitems_Regular_Medkit": {
                    "Id": "neroyuki.rlvalleycpitems_Regular_Medkit",
                    "ItemId": "neroyuki.rlvalleycpitems_Regular_Medkit",
                    "Price": 600
                },
                "neroyuki.rlvalleycpitems_Tubular_Bandage": {
                    "Id": "neroyuki.rlvalleycpitems_Tubular_Bandage",
                    "ItemId": "neroyuki.rlvalleycpitems_Tubular_Bandage",
                    "Price": 250
                },
                "neroyuki.rlvalleycpitems_Tubular_Bandage_Recipe": {
                    "Id": "neroyuki.rlvalleycpitems_Tubular_Bandage_Recipe",
                    "ItemId": "neroyuki.rlvalleycpitems_Tubular_Bandage",
                    "Price": 3000,
                    "IsRecipe": true
                }
            }
        },
        {
            "Action": "EditData",
            "Target": "Data/Shops",
            "TargetField": [ "Joja", "Items"  ],
            "Entries": {
                "neroyuki.rlvalleycpitems_Joja_Fresh_Water": {
                    "Id": "neroyuki.rlvalleycpitems_Joja_Fresh_Water",
                    "ItemId": "neroyuki.rlvalleycpitems_Joja_Fresh_Water",
                    "Price": 45
                },
                "neroyuki.rlvalleycpitems_Joja_Sports_Drink": {
                    "Id": "neroyuki.rlvalleycpitems_Joja_Sports_Drink",
                    "ItemId": "neroyuki.rlvalleycpitems_Joja_Sports_Drink",
                    "Price": 100
                }
            }
        }
    ]
}